p_start,d_start,iter,Hub,p,d,profit,X11,X12,X13,X14,X21,X22,X23,X24,lam1,lam2,mu1,mu2,mu3,mu4
150,0,1,1,203.872832,722.543353,653087.306626,82.009955,205.024887,25.458735,410.049775,0.000000,0.000000,0.000000,0.000000,755.827168,809.810848,0.000820,0.001640,0.000000,0.002460
150,0,1,2,20.607168,722.543353,520669.918808,82.009955,205.024887,25.458735,410.049775,0.000000,0.000000,722.543353,0.000000,755.818581,939.690699,0.000855,0.001675,0.000035,0.002496
150,0,2,1,203.872832,722.543353,653087.306626,82.009955,205.024887,25.458735,410.049775,0.000000,0.000000,722.543353,0.000000,755.818581,939.690699,0.000855,0.001675,0.000035,0.002496
150,0,2,2,20.607168,722.543353,520669.918808,82.009955,205.024887,25.458735,410.049775,0.000000,0.000000,722.543353,0.000000,755.818581,939.690699,0.000855,0.001675,0.000035,0.002496
150,300,1,1,185.592000,722.543353,639878.612717,88.655626,221.639065,221.639065,190.609596,0.000000,0.000000,0.000000,300.000000,0.000000,158.155775,3.431451,3.433835,3.433501,3.432338
150,300,1,2,38.888000,722.543353,533878.612717,88.655626,206.124331,0.000000,427.763396,0.000000,44.366697,633.809958,44.366697,774.308000,921.007092,0.000000,0.000887,0.005133,0.001773
150,300,2,1,185.592000,722.543353,639878.612717,88.655626,206.124331,0.000000,427.763396,0.000000,44.366697,633.809958,44.366697,774.308000,921.007092,0.000000,0.000887,0.005133,0.001773
150,300,2,2,38.888000,722.543353,533878.612717,88.655626,206.124331,0.000000,427.763396,0.000000,44.366697,633.809958,44.366697,774.308000,921.007092,0.000000,0.000887,0.005133,0.001773
150,600,1,1,150.076015,722.543353,614216.773991,0.000000,229.745350,0.000000,492.798003,105.263158,33.320628,263.157895,33.320628,0.000000,0.000000,4.263684,4.261579,4.264737,4.262631
150,600,1,2,74.403985,722.543353,559540.451443,105.221061,263.052653,0.000000,354.269639,0.000000,0.000000,437.047714,285.495639,0.000000,398.034001,4.260527,4.261579,4.264380,4.262631
150,600,2,1,150.076015,722.543353,614216.773991,105.221061,263.052653,0.000000,354.269639,0.000000,0.000000,437.047714,285.495639,0.000000,398.034001,4.260527,4.261579,4.264380,4.262631
150,600,2,2,74.403985,722.543353,559540.451443,105.221061,263.052653,0.000000,354.269639,0.000000,0.000000,437.047714,285.495639,0.000000,398.034001,4.260527,4.261579,4.264380,4.262631
150,900,1,1,150.000000,900.000000,578670.520231,105.221061,263.052653,0.000000,354.269639,0.000000,0.000000,437.047714,285.495639,0.000000,398.034001,4.260527,4.261579,4.264380,4.262631
150,900,1,2,150.000000,900.000000,578670.520231,105.221061,263.052653,0.000000,354.269639,0.000000,0.000000,437.047714,285.495639,0.000000,398.034001,4.260527,4.261579,4.264380,4.262631
180,0,1,1,203.872832,722.543353,653087.306626,82.009955,205.024887,25.458735,410.049775,0.000000,0.000000,0.000000,0.000000,755.827168,779.729367,0.000820,0.001640,0.000000,0.002460
180,0,1,2,20.607168,722.543353,520669.918808,82.009955,205.024887,205.024887,230.483623,0.000000,0.000000,0.000000,722.543353,755.827168,939.543721,0.000000,0.000820,0.001640,0.002460
180,0,2,1,203.872832,722.543353,653087.306626,82.009955,205.024887,205.024887,230.483623,0.000000,0.000000,0.000000,722.543353,755.827168,939.543721,0.000000,0.000820,0.001640,0.002460
180,0,2,2,20.607168,722.543353,520669.918808,82.009955,205.024887,205.024887,230.483623,0.000000,0.000000,0.000000,722.543353,755.827168,939.543721,0.000000,0.000820,0.001640,0.002460
180,300,1,1,180.044004,722.543353,635869.945694,74.214448,210.550814,0.000000,437.778091,16.679799,16.679799,227.272727,16.679799,0.000000,0.000000,3.544091,3.545000,3.546818,3.545909
180,300,1,2,44.435996,722.543353,537887.279994,90.890911,202.212582,0.000000,429.439859,0.000000,65.189421,592.164511,65.189421,779.855996,915.448888,0.000000,0.000909,0.004916,0.001818
180,300,2,1,180.044004,722.543353,635869.945440,90.890911,202.212582,0.000000,429.439859,0.000000,65.189421,592.164511,65.189421,779.855996,915.448888,0.000000,0.000909,0.004916,0.001818
180,300,2,2,44.435996,722.543353,537887.279994,90.890911,202.212582,0.000000,429.439859,0.000000,65.189421,592.164511,65.189421,779.855996,915.448888,0.000000,0.000909,0.004916,0.001818
180,600,1,1,180.044004,722.543353,635869.945694,74.214448,0.000000,210.550814,437.778091,16.679799,227.272727,16.679799,16.679799,0.000000,0.000000,3.544091,3.546818,3.545000,3.545909
180,600,1,2,44.435996,722.543353,537887.279994,90.890911,227.227277,227.227277,177.197887,0.000000,0.000000,0.000000,722.543353,0.000000,616.615145,3.543182,3.545000,3.545909,3.544091
180,600,2,1,180.044004,722.543353,635869.945440,90.890911,227.227277,227.227277,177.197887,0.000000,0.000000,0.000000,722.543353,0.000000,616.615145,3.543182,3.545000,3.545909,3.544091
180,600,2,2,44.435996,722.543353,537887.279994,90.890911,227.227277,227.227277,177.197887,0.000000,0.000000,0.000000,722.543353,0.000000,616.615145,3.543182,3.545000,3.545909,3.544091
180,900,1,1,180.000000,900.000000,600346.820809,90.890911,227.227277,227.227277,177.197887,0.000000,0.000000,0.000000,722.543353,0.000000,616.615145,3.543182,3.545000,3.545909,3.544091
180,900,1,2,180.000000,900.000000,600346.820809,90.890911,227.227277,227.227277,177.197887,0.000000,0.000000,0.000000,722.543353,0.000000,616.615145,3.543182,3.545000,3.545909,3.544091
210,0,1,1,203.872832,722.543353,653087.306626,82.009955,205.024887,25.458735,410.049775,0.000000,0.000000,0.000000,0.000000,755.827168,749.700000,0.000820,0.001640,0.000000,0.002460
210,0,1,2,20.607168,722.543353,520669.918808,82.009955,205.024887,25.458735,410.049775,0.000000,0.000000,722.543353,0.000000,755.818581,939.690699,0.000855,0.001675,0.000035,0.002496
210,0,2,1,203.872832,722.543353,653087.306626,82.009955,205.024887,25.458735,410.049775,0.000000,0.000000,722.543353,0.000000,755.818581,939.690699,0.000855,0.001675,0.000035,0.002496
210,0,2,2,20.607168,722.543353,520669.918808,82.009955,205.024887,25.458735,410.049775,0.000000,0.000000,722.543353,0.000000,755.818581,939.690699,0.000855,0.001675,0.000035,0.002496
210,300,1,1,203.872832,722.543353,653087.306626,82.009955,205.024887,25.458735,410.049775,0.000000,0.000000,175.165224,0.000000,23.916023,0.000000,3.002020,3.002840,3.001200,3.003660
210,300,1,2,20.607168,722.543353,520669.918808,82.009955,205.024887,25.458735,410.049775,0.000000,0.000000,722.543353,0.000000,755.827168,939.692832,0.000820,0.001640,0.000000,0.002460
210,300,2,1,203.872832,722.543353,653087.306626,82.009955,205.024887,25.458735,410.049775,0.000000,0.000000,722.543353,0.000000,755.827168,939.692832,0.000820,0.001640,0.000000,0.002460
210,300,2,2,20.607168,722.543353,520669.918808,82.009955,205.024887,25.458735,410.049775,0.000000,0.000000,722.543353,0.000000,755.827168,939.692832,0.000820,0.001640,0.000000,0.002460
210,600,1,1,203.872832,722.543353,653087.306626,53.734345,53.734345,205.024887,410.049775,27.582612,147.582612,0.000000,0.000000,24.113572,0.000000,3.000400,3.001200,3.002030,3.002850
210,600,1,2,20.607168,722.543353,520669.918808,82.009955,205.024887,25.458735,410.049775,0.000000,0.000000,722.543353,0.000000,755.827168,939.692832,0.000820,0.001640,0.000000,0.002460
210,600,2,1,203.872832,722.543353,653087.306626,82.009955,205.024887,25.458735,410.049775,0.000000,0.000000,722.543353,0.000000,755.827168,939.692832,0.000820,0.001640,0.000000,0.002460
210,600,2,2,20.607168,722.543353,520669.918808,82.009955,205.024887,25.458735,410.049775,0.000000,0.000000,722.543353,0.000000,755.827168,939.692832,0.000820,0.001640,0.000000,0.002460
210,900,1,1,210.000000,900.000000,622023.121387,82.009955,205.024887,25.458735,410.049775,0.000000,0.000000,722.543353,0.000000,755.827168,939.692832,0.000820,0.001640,0.000000,0.002460
210,900,1,2,210.000000,900.000000,622023.121387,82.009955,205.024887,25.458735,410.049775,0.000000,0.000000,722.543353,0.000000,755.827168,939.692832,0.000820,0.001640,0.000000,0.002460
240,0,1,1,203.872832,722.543353,653087.306626,82.009955,205.024887,25.458735,410.049775,0.000000,0.000000,0.000000,0.000000,755.827168,719.700000,0.000820,0.001640,0.000000,0.002460
240,0,1,2,20.607168,722.543353,520669.918808,82.009955,205.024887,25.458735,410.049775,0.000000,0.000000,722.543353,0.000000,755.818581,939.690699,0.000855,0.001675,0.000035,0.002496
240,0,2,1,203.872832,722.543353,653087.306626,82.009955,205.024887,25.458735,410.049775,0.000000,0.000000,722.543353,0.000000,755.818581,939.690699,0.000855,0.001675,0.000035,0.002496
240,0,2,2,20.607168,722.543353,520669.918808,82.009955,205.024887,25.458735,410.049775,0.000000,0.000000,722.543353,0.000000,755.818581,939.690699,0.000855,0.001675,0.000035,0.002496
240,300,1,1,240.000000,300.000000,763699.421965,82.009955,205.024887,25.458735,410.049775,0.000000,0.000000,722.543353,0.000000,755.818581,939.690699,0.000855,0.001675,0.000035,0.002496
240,300,1,2,240.000000,300.000000,763699.421965,82.009955,205.024887,25.458735,410.049775,0.000000,0.000000,722.543353,0.000000,755.818581,939.690699,0.000855,0.001675,0.000035,0.002496
240,600,1,1,240.000000,600.000000,703699.421965,82.009955,205.024887,25.458735,410.049775,0.000000,0.000000,722.543353,0.000000,755.818581,939.690699,0.000855,0.001675,0.000035,0.002496
240,600,1,2,240.000000,600.000000,703699.421965,82.009955,205.024887,25.458735,410.049775,0.000000,0.000000,722.543353,0.000000,755.818581,939.690699,0.000855,0.001675,0.000035,0.002496
240,900,1,1,240.000000,900.000000,643699.421965,82.009955,205.024887,25.458735,410.049775,0.000000,0.000000,722.543353,0.000000,755.818581,939.690699,0.000855,0.001675,0.000035,0.002496
240,900,1,2,240.000000,900.000000,643699.421965,82.009955,205.024887,25.458735,410.049775,0.000000,0.000000,722.543353,0.000000,755.818581,939.690699,0.000855,0.001675,0.000035,0.002496
